<?xml version="1.0" encoding="utf-8"?>

<DTO-mapping>
    <class name="cn.com.hd.dto.dict.TDictType" table="T_DICT_TYPE" schema="DICTSYS">
        <comment>公用字典类型表</comment>
        <id name="typeid" type="VARCHAR2">
            <column name="TYPE_ID" length="50" />
        </id>
        <property name="typename" type="VARCHAR2">
            <column name="TYPE_NAME" length="100" />
        </property>
        <property name="typeowner" type="VARCHAR2">
            <column name="TYPE_OWNER" length="100" />
        </property>
        <property name="typeexplain" type="VARCHAR2">
            <column name="TYPE_EXPLAIN" length="1000" />
        </property>
        <property name="validated" type="VARCHAR2">
            <column name="VALIDATED" length="2" />
        </property>
        <property name="typeorder" type="NUMBER">
            <column name="TYPE_ORDER" precision="22" scale="0" />
        </property>
        <property name="creatorid" type="VARCHAR2">
            <column name="CREATOR_ID" length="50" />
        </property>
        <property name="creatorname" type="VARCHAR2">
            <column name="CREATOR_NAME" length="100" />
        </property>
        <property name="createdate" type="DATE">
            <column name="CREATE_DATE" length="7" />
        </property>
        <property name="operatorid" type="VARCHAR2">
            <column name="OPERATOR_ID" length="50" />
        </property>
        <property name="operatorname" type="VARCHAR2">
            <column name="OPERATOR_NAME" length="100" />
        </property>
        <property name="operatdate" type="DATE">
            <column name="OPERAT_DATE" length="7" />
        </property>
    </class>
</DTO-mapping>
