<?xml version="1.0" encoding="utf-8"?>

<DTO-mapping>
    <class name="cn.com.hd.dto.dict.TDictDetail" table="T_DICT_DETAIL" schema="DICTSYS">
        <comment>公用字典明细表</comment>
        <id name="dictcode" type="VARCHAR2">
            <column name="DICT_CODE" length="36" />
        </id>
        <id name="typeid" type="VARCHAR2">
            <column name="TYPE_ID" length="36" />
        </id>
        <property name="dictname" type="VARCHAR2">
            <column name="DICT_NAME" length="200" />
        </property>
        <property name="dictowner" type="VARCHAR2">
            <column name="DICT_OWNER" length="100" />
        </property>
        <property name="spelling" type="VARCHAR2">
            <column name="SPELLING" length="100" />
        </property>
        <property name="fathercode" type="VARCHAR2">
            <column name="FATHER_CODE" length="100" />
        </property>
        <property name="relevancecode" type="VARCHAR2">
            <column name="RELEVANCE_CODE" length="10" />
        </property>
        <property name="dictorder" type="NUMBER">
            <column name="DICT_ORDER" precision="22" scale="0" />
        </property>
        <property name="dictexplain" type="VARCHAR2">
            <column name="DICT_EXPLAIN" length="1000" />
        </property>
        <property name="validated" type="VARCHAR2">
            <column name="VALIDATED" length="2" />
        </property>
        <property name="dictremark" type="VARCHAR2">
            <column name="DICT_REMARK" length="1000" />
        </property>
        <property name="havechild" type="VARCHAR2">
            <column name="HAVE_CHILD" length="2" />
        </property>
        <property name="creatorid" type="VARCHAR2">
            <column name="CREATOR_ID" length="50" />
        </property>
        <property name="creatorname" type="VARCHAR2">
            <column name="CREATOR_NAME" length="100" />
        </property>
        <property name="createdate" type="DATE">
            <column name="CREATE_DATE" length="7" />
        </property>
        <property name="operatorid" type="VARCHAR2">
            <column name="OPERATOR_ID" length="50" />
        </property>
        <property name="operatorname" type="VARCHAR2">
            <column name="OPERATOR_NAME" length="100" />
        </property>
        <property name="operatdate" type="DATE">
            <column name="OPERAT_DATE" length="7" />
        </property>
        <property name="expinfoa" type="VARCHAR2">
            <column name="EXPINFOA" length="1000" />
        </property>
        <property name="expinfob" type="VARCHAR2">
            <column name="EXPINFOB" length="1000" />
        </property>
        <property name="expinfoc" type="VARCHAR2">
            <column name="EXPINFOC" length="1000" />
        </property>
        <property name="expinfod" type="VARCHAR2">
            <column name="EXPINFOD" length="1000" />
        </property>
        <property name="expinfoe" type="VARCHAR2">
            <column name="EXPINFOE" length="1000" />
        </property>
    </class>
</DTO-mapping>
