insert into NAVYSYS.T_IMPORT (IMPORTID, TYPE_CODE, TYPE_NAME, IMPORT_YEAR, PLAN_ID, PLAN, PLAN_DATE, COMPACT_ID, COMPACT, COMPACT_DATE, UNIT_ID, UNIT, DEPT_ID, DEPT, CLASS_ID, CLASS_NAME, PROJECT, BUDGET, COMPACT_MONEY, CURRENCY_ID, CURRENCY, RATE, DOLLAR, RMB, ECONOMIZE, MODE_ID, MODE_NAME, DELIVERY_DATE, AGENT_ID, AGENT, AGREE_ID, AGREE, PRODUCTOR, SUPPORTOR_ID, SUPPORTOR, SUPPORTOR_ADDR, EXAMINE_ID, EXAMINE_NO, IMPORT_CLASS_ID, IMPORT_CLASS, DIRECTORY_ID, DIRECTORY, STORE_ADDR, USE_DATE, USE_UNIT, USE_STATE, IMAGE) values ('1', '130000000', '正常进口', '2010', '1234', 'PLAN20100501', to_date('2010-05-01', 'yyyy-MM-dd'), '5678', 'HT20100506', to_date('2010-05-06', 'yyyy-MM-dd'), '230000000', '上海军代局', '340000000', '海司通信部', '441000000', '通信', '文星天线', 2000, 1500, '520000000', '港币', 0.8368, 193.55, 1785.71, 214.29, '640000000', '单一来源', to_date('2010-06-01', 'yyyy-MM-dd'), '7G0000000', '中国庆安国际贸易集团有限公司', '34333', '09CQAI-8229HK', 'AAA', '111', 'ABC', 'CCCC', '55555', '后需物油[2010]32号', '810000000', '免税', '930000000', '（三）军事通信装备', 'aaa', to_date('2010-08-14', 'yyyy-MM-dd'), 'cadf', '使用', '1234567890');
insert into NAVYSYS.T_IMPORT (IMPORTID, TYPE_CODE, TYPE_NAME, IMPORT_YEAR, PLAN_ID, PLAN, PLAN_DATE, COMPACT_ID, COMPACT, COMPACT_DATE, UNIT_ID, UNIT, DEPT_ID, DEPT, CLASS_ID, CLASS_NAME, PROJECT, BUDGET, COMPACT_MONEY, CURRENCY_ID, CURRENCY, RATE, DOLLAR, RMB, ECONOMIZE, MODE_ID, MODE_NAME, DELIVERY_DATE, AGENT_ID, AGENT, AGREE_ID, AGREE, PRODUCTOR, SUPPORTOR_ID, SUPPORTOR, SUPPORTOR_ADDR, EXAMINE_ID, EXAMINE_NO, IMPORT_CLASS_ID, IMPORT_CLASS, DIRECTORY_ID, DIRECTORY, STORE_ADDR, USE_DATE, USE_UNIT, USE_STATE, IMAGE) values ('2', '130000000', '正常进口', '2010', '1234', 'PLAN20100501', to_date('2010-05-01', 'yyyy-MM-dd'), '5678', 'HT20100506', to_date('2010-05-06', 'yyyy-MM-dd'), '230000000', '上海军代局', '340000000', '海司通信部', '441000000', '通信', '文星天线', 2000, 1500, '520000000', '港币', 0.8368, 193.55, 1785.71, 214.29, '640000000', '单一来源', to_date('2010-06-01', 'yyyy-MM-dd'), '7G0000000', '中国庆安国际贸易集团有限公司', '34333', '09CQAI-8229HK', 'AAA', '111', 'ABC', 'CCCC', '55555', '后需物油[2010]32号', '820000000', '免税审批', '930000000', '（三）军事通信装备', 'aaa', to_date('2010-08-14', 'yyyy-MM-dd'), 'cadf', '使用', '1234567890');
insert into NAVYSYS.T_IMPORT (IMPORTID, TYPE_CODE, TYPE_NAME, IMPORT_YEAR, PLAN_ID, PLAN, PLAN_DATE, COMPACT_ID, COMPACT, COMPACT_DATE, UNIT_ID, UNIT, DEPT_ID, DEPT, CLASS_ID, CLASS_NAME, PROJECT, BUDGET, COMPACT_MONEY, CURRENCY_ID, CURRENCY, RATE, DOLLAR, RMB, ECONOMIZE, MODE_ID, MODE_NAME, DELIVERY_DATE, AGENT_ID, AGENT, AGREE_ID, AGREE, PRODUCTOR, SUPPORTOR_ID, SUPPORTOR, SUPPORTOR_ADDR, EXAMINE_ID, EXAMINE_NO, IMPORT_CLASS_ID, IMPORT_CLASS, DIRECTORY_ID, DIRECTORY, STORE_ADDR, USE_DATE, USE_UNIT, USE_STATE, IMAGE) values ('3', '130000000', '正常进口', '2010', '1234', 'PLAN20100501', to_date('2010-05-01', 'yyyy-MM-dd'), '5678', 'HT20100506', to_date('2010-05-06', 'yyyy-MM-dd'), '230000000', '上海军代局', '340000000', '海司通信部', '441000000', '通信', '文星天线', 2000, 1500, '520000000', '港币', 0.8368, 193.55, 1785.71, 214.29, '640000000', '单一来源', to_date('2010-06-01', 'yyyy-MM-dd'), '7G0000000', '中国庆安国际贸易集团有限公司', '34333', '09CQAI-8229HK', 'AAA', '111', 'ABC', 'CCCC', '55555', '后需物油[2010]32号', '810000000', '免税', '930000000', '（三）军事通信装备', 'aaa', to_date('2010-08-14', 'yyyy-MM-dd'), 'cadf', '使用', '1234567890');
insert into NAVYSYS.T_IMPORT (IMPORTID, TYPE_CODE, TYPE_NAME, IMPORT_YEAR, PLAN_ID, PLAN, PLAN_DATE, COMPACT_ID, COMPACT, COMPACT_DATE, UNIT_ID, UNIT, DEPT_ID, DEPT, CLASS_ID, CLASS_NAME, PROJECT, BUDGET, COMPACT_MONEY, CURRENCY_ID, CURRENCY, RATE, DOLLAR, RMB, ECONOMIZE, MODE_ID, MODE_NAME, DELIVERY_DATE, AGENT_ID, AGENT, AGREE_ID, AGREE, PRODUCTOR, SUPPORTOR_ID, SUPPORTOR, SUPPORTOR_ADDR, EXAMINE_ID, EXAMINE_NO, IMPORT_CLASS_ID, IMPORT_CLASS, DIRECTORY_ID, DIRECTORY, STORE_ADDR, USE_DATE, USE_UNIT, USE_STATE, IMAGE) values ('4', '130000000', '正常进口', '2010', '1234', 'PLAN20100501', to_date('2010-05-01', 'yyyy-MM-dd'), '5678', 'HT20100506', to_date('2010-05-06', 'yyyy-MM-dd'), '230000000', '上海军代局', '340000000', '海司通信部', '441000000', '通信', '文星天线', 2000, 1500, '520000000', '港币', 0.8368, 193.55, 1785.71, 214.29, '640000000', '单一来源', to_date('2010-06-01', 'yyyy-MM-dd'), '7G0000000', '中国庆安国际贸易集团有限公司', '34333', '09CQAI-8229HK', 'AAA', '111', 'ABC', 'CCCC', '55555', '后需物油[2010]32号', '810000000', '免税', '930000000', '（三）军事通信装备', 'aaa', to_date('2010-08-14', 'yyyy-MM-dd'), 'cadf', '使用', '1234567890');
insert into NAVYSYS.T_IMPORT (IMPORTID, TYPE_CODE, TYPE_NAME, IMPORT_YEAR, PLAN_ID, PLAN, PLAN_DATE, COMPACT_ID, COMPACT, COMPACT_DATE, UNIT_ID, UNIT, DEPT_ID, DEPT, CLASS_ID, CLASS_NAME, PROJECT, BUDGET, COMPACT_MONEY, CURRENCY_ID, CURRENCY, RATE, DOLLAR, RMB, ECONOMIZE, MODE_ID, MODE_NAME, DELIVERY_DATE, AGENT_ID, AGENT, AGREE_ID, AGREE, PRODUCTOR, SUPPORTOR_ID, SUPPORTOR, SUPPORTOR_ADDR, EXAMINE_ID, EXAMINE_NO, IMPORT_CLASS_ID, IMPORT_CLASS, DIRECTORY_ID, DIRECTORY, STORE_ADDR, USE_DATE, USE_UNIT, USE_STATE, IMAGE) values ('5', '130000000', '正常进口', '2010', '1234', 'PLAN20100501', to_date('2010-05-01', 'yyyy-MM-dd'), '5678', 'HT20100506', to_date('2010-05-06', 'yyyy-MM-dd'), '230000000', '上海军代局', '340000000', '海司通信部', '441000000', '通信', '文星天线', 2000, 1500, '520000000', '港币', 0.8368, 193.55, 1785.71, 214.29, '640000000', '单一来源', to_date('2010-06-01', 'yyyy-MM-dd'), '7G0000000', '中国庆安国际贸易集团有限公司', '34333', '09CQAI-8229HK', 'AAA', '111', 'ABC', 'CCCC', '55555', '后需物油[2010]32号', '810000000', '免税', '930000000', '（三）军事通信装备', 'aaa', to_date('2010-08-14', 'yyyy-MM-dd'), 'cadf', '使用', '1234567890');
insert into NAVYSYS.T_IMPORT (IMPORTID, TYPE_CODE, TYPE_NAME, IMPORT_YEAR, PLAN_ID, PLAN, PLAN_DATE, COMPACT_ID, COMPACT, COMPACT_DATE, UNIT_ID, UNIT, DEPT_ID, DEPT, CLASS_ID, CLASS_NAME, PROJECT, BUDGET, COMPACT_MONEY, CURRENCY_ID, CURRENCY, RATE, DOLLAR, RMB, ECONOMIZE, MODE_ID, MODE_NAME, DELIVERY_DATE, AGENT_ID, AGENT, AGREE_ID, AGREE, PRODUCTOR, SUPPORTOR_ID, SUPPORTOR, SUPPORTOR_ADDR, EXAMINE_ID, EXAMINE_NO, IMPORT_CLASS_ID, IMPORT_CLASS, DIRECTORY_ID, DIRECTORY, STORE_ADDR, USE_DATE, USE_UNIT, USE_STATE, IMAGE) values ('6', '130000000', '正常进口', '2010', '1234', 'PLAN20100501', to_date('2010-05-01', 'yyyy-MM-dd'), '5678', 'HT20100506', to_date('2010-05-06', 'yyyy-MM-dd'), '230000000', '上海军代局', '340000000', '海司通信部', '441000000', '通信', '文星天线', 2000, 1500, '520000000', '港币', 0.8368, 193.55, 1785.71, 214.29, '640000000', '单一来源', to_date('2010-06-01', 'yyyy-MM-dd'), '7G0000000', '中国庆安国际贸易集团有限公司', '34333', '09CQAI-8229HK', 'AAA', '111', 'ABC', 'CCCC', '55555', '后需物油[2010]32号', '810000000', '免税', '930000000', '（三）军事通信装备', 'aaa', to_date('2010-08-14', 'yyyy-MM-dd'), 'cadf', '使用', '1234567890');
insert into NAVYSYS.T_IMPORT (IMPORTID, TYPE_CODE, TYPE_NAME, IMPORT_YEAR, PLAN_ID, PLAN, PLAN_DATE, COMPACT_ID, COMPACT, COMPACT_DATE, UNIT_ID, UNIT, DEPT_ID, DEPT, CLASS_ID, CLASS_NAME, PROJECT, BUDGET, COMPACT_MONEY, CURRENCY_ID, CURRENCY, RATE, DOLLAR, RMB, ECONOMIZE, MODE_ID, MODE_NAME, DELIVERY_DATE, AGENT_ID, AGENT, AGREE_ID, AGREE, PRODUCTOR, SUPPORTOR_ID, SUPPORTOR, SUPPORTOR_ADDR, EXAMINE_ID, EXAMINE_NO, IMPORT_CLASS_ID, IMPORT_CLASS, DIRECTORY_ID, DIRECTORY, STORE_ADDR, USE_DATE, USE_UNIT, USE_STATE, IMAGE) values ('7', '130000000', '正常进口', '2010', '1234', 'PLAN20100501', to_date('2010-05-01', 'yyyy-MM-dd'), '5678', 'HT20100506', to_date('2010-05-06', 'yyyy-MM-dd'), '230000000', '上海军代局', '340000000', '海司通信部', '441000000', '通信', '文星天线', 2000, 1500, '520000000', '港币', 0.8368, 193.55, 1785.71, 214.29, '640000000', '单一来源', to_date('2010-06-01', 'yyyy-MM-dd'), '7G0000000', '中国庆安国际贸易集团有限公司', '34333', '09CQAI-8229HK', 'AAA', '111', 'ABC', 'CCCC', '55555', '后需物油[2010]32号', '820000000', '免税审批', '930000000', '（三）军事通信装备', 'aaa', to_date('2010-08-14', 'yyyy-MM-dd'), 'cadf', '使用', '1234567890');
insert into NAVYSYS.T_IMPORT (IMPORTID, TYPE_CODE, TYPE_NAME, IMPORT_YEAR, PLAN_ID, PLAN, PLAN_DATE, COMPACT_ID, COMPACT, COMPACT_DATE, UNIT_ID, UNIT, DEPT_ID, DEPT, CLASS_ID, CLASS_NAME, PROJECT, BUDGET, COMPACT_MONEY, CURRENCY_ID, CURRENCY, RATE, DOLLAR, RMB, ECONOMIZE, MODE_ID, MODE_NAME, DELIVERY_DATE, AGENT_ID, AGENT, AGREE_ID, AGREE, PRODUCTOR, SUPPORTOR_ID, SUPPORTOR, SUPPORTOR_ADDR, EXAMINE_ID, EXAMINE_NO, IMPORT_CLASS_ID, IMPORT_CLASS, DIRECTORY_ID, DIRECTORY, STORE_ADDR, USE_DATE, USE_UNIT, USE_STATE, IMAGE) values ('8', '130000000', '正常进口', '2010', '1234', 'PLAN20100501', to_date('2010-05-01', 'yyyy-MM-dd'), '5678', 'HT20100506', to_date('2010-05-06', 'yyyy-MM-dd'), '230000000', '上海军代局', '340000000', '海司通信部', '441000000', '通信', '文星天线', 2000, 1500, '520000000', '港币', 0.8368, 193.55, 1785.71, 214.29, '640000000', '单一来源', to_date('2010-06-01', 'yyyy-MM-dd'), '7G0000000', '中国庆安国际贸易集团有限公司', '34333', '09CQAI-8229HK', 'AAA', '111', 'ABC', 'CCCC', '55555', '后需物油[2010]32号', '810000000', '免税', '930000000', '（三）军事通信装备', 'aaa', to_date('2010-08-14', 'yyyy-MM-dd'), 'cadf', '使用', '1234567890');
insert into NAVYSYS.T_IMPORT (IMPORTID, TYPE_CODE, TYPE_NAME, IMPORT_YEAR, PLAN_ID, PLAN, PLAN_DATE, COMPACT_ID, COMPACT, COMPACT_DATE, UNIT_ID, UNIT, DEPT_ID, DEPT, CLASS_ID, CLASS_NAME, PROJECT, BUDGET, COMPACT_MONEY, CURRENCY_ID, CURRENCY, RATE, DOLLAR, RMB, ECONOMIZE, MODE_ID, MODE_NAME, DELIVERY_DATE, AGENT_ID, AGENT, AGREE_ID, AGREE, PRODUCTOR, SUPPORTOR_ID, SUPPORTOR, SUPPORTOR_ADDR, EXAMINE_ID, EXAMINE_NO, IMPORT_CLASS_ID, IMPORT_CLASS, DIRECTORY_ID, DIRECTORY, STORE_ADDR, USE_DATE, USE_UNIT, USE_STATE, IMAGE) values ('9', '130000000', '正常进口', '2010', '1234', 'PLAN20100501', to_date('2010-05-01', 'yyyy-MM-dd'), '5678', 'HT20100506', to_date('2010-05-06', 'yyyy-MM-dd'), '230000000', '上海军代局', '340000000', '海司通信部', '441000000', '通信', '文星天线', 2000, 1500, '520000000', '港币', 0.8368, 193.55, 1785.71, 214.29, '640000000', '单一来源', to_date('2010-06-01', 'yyyy-MM-dd'), '7G0000000', '中国庆安国际贸易集团有限公司', '34333', '09CQAI-8229HK', 'AAA', '111', 'ABC', 'CCCC', '55555', '后需物油[2010]32号', '820000000', '免税审批', '930000000', '（三）军事通信装备', 'aaa', to_date('2010-08-14', 'yyyy-MM-dd'), 'cadf', '使用', '1234567890');
insert into NAVYSYS.T_IMPORT (IMPORTID, TYPE_CODE, TYPE_NAME, IMPORT_YEAR, PLAN_ID, PLAN, PLAN_DATE, COMPACT_ID, COMPACT, COMPACT_DATE, UNIT_ID, UNIT, DEPT_ID, DEPT, CLASS_ID, CLASS_NAME, PROJECT, BUDGET, COMPACT_MONEY, CURRENCY_ID, CURRENCY, RATE, DOLLAR, RMB, ECONOMIZE, MODE_ID, MODE_NAME, DELIVERY_DATE, AGENT_ID, AGENT, AGREE_ID, AGREE, PRODUCTOR, SUPPORTOR_ID, SUPPORTOR, SUPPORTOR_ADDR, EXAMINE_ID, EXAMINE_NO, IMPORT_CLASS_ID, IMPORT_CLASS, DIRECTORY_ID, DIRECTORY, STORE_ADDR, USE_DATE, USE_UNIT, USE_STATE, IMAGE) values ('10', '130000000', '正常进口', '2010', '1234', 'PLAN20100501', to_date('2010-05-01', 'yyyy-MM-dd'), '5678', 'HT20100506', to_date('2010-05-06', 'yyyy-MM-dd'), '230000000', '上海军代局', '340000000', '海司通信部', '441000000', '通信', '文星天线', 2000, 1500, '520000000', '港币', 0.8368, 193.55, 1785.71, 214.29, '640000000', '单一来源', to_date('2010-06-01', 'yyyy-MM-dd'), '7G0000000', '中国庆安国际贸易集团有限公司', '34333', '09CQAI-8229HK', 'AAA', '111', 'ABC', 'CCCC', '55555', '后需物油[2010]32号', '820000000', '免税审批', '930000000', '（三）军事通信装备', 'aaa', to_date('2010-08-14', 'yyyy-MM-dd'), 'cadf', '使用', '1234567890');
insert into NAVYSYS.T_IMPORT (IMPORTID, TYPE_CODE, TYPE_NAME, IMPORT_YEAR, PLAN_ID, PLAN, PLAN_DATE, COMPACT_ID, COMPACT, COMPACT_DATE, UNIT_ID, UNIT, DEPT_ID, DEPT, CLASS_ID, CLASS_NAME, PROJECT, BUDGET, COMPACT_MONEY, CURRENCY_ID, CURRENCY, RATE, DOLLAR, RMB, ECONOMIZE, MODE_ID, MODE_NAME, DELIVERY_DATE, AGENT_ID, AGENT, AGREE_ID, AGREE, PRODUCTOR, SUPPORTOR_ID, SUPPORTOR, SUPPORTOR_ADDR, EXAMINE_ID, EXAMINE_NO, IMPORT_CLASS_ID, IMPORT_CLASS, DIRECTORY_ID, DIRECTORY, STORE_ADDR, USE_DATE, USE_UNIT, USE_STATE, IMAGE) values ('11', '130000000', '正常进口', '2010', '1234', 'PLAN20100501', to_date('2010-05-01', 'yyyy-MM-dd'), '5678', 'HT20100506', to_date('2010-05-06', 'yyyy-MM-dd'), '230000000', '上海军代局', '340000000', '海司通信部', '441000000', '通信', '文星天线', 2000, 1500, '520000000', '港币', 0.8368, 193.55, 1785.71, 214.29, '640000000', '单一来源', to_date('2010-06-01', 'yyyy-MM-dd'), '7G0000000', '中国庆安国际贸易集团有限公司', '34333', '09CQAI-8229HK', 'AAA', '111', 'ABC', 'CCCC', '55555', '后需物油[2010]32号', '810000000', '免税', '930000000', '（三）军事通信装备', 'aaa', to_date('2010-08-14', 'yyyy-MM-dd'), 'cadf', '使用', '1234567890');
insert into NAVYSYS.T_IMPORT (IMPORTID, TYPE_CODE, TYPE_NAME, IMPORT_YEAR, PLAN_ID, PLAN, PLAN_DATE, COMPACT_ID, COMPACT, COMPACT_DATE, UNIT_ID, UNIT, DEPT_ID, DEPT, CLASS_ID, CLASS_NAME, PROJECT, BUDGET, COMPACT_MONEY, CURRENCY_ID, CURRENCY, RATE, DOLLAR, RMB, ECONOMIZE, MODE_ID, MODE_NAME, DELIVERY_DATE, AGENT_ID, AGENT, AGREE_ID, AGREE, PRODUCTOR, SUPPORTOR_ID, SUPPORTOR, SUPPORTOR_ADDR, EXAMINE_ID, EXAMINE_NO, IMPORT_CLASS_ID, IMPORT_CLASS, DIRECTORY_ID, DIRECTORY, STORE_ADDR, USE_DATE, USE_UNIT, USE_STATE, IMAGE) values ('12', '130000000', '正常进口', '2010', '1234', 'PLAN20100501', to_date('2010-05-01', 'yyyy-MM-dd'), '5678', 'HT20100506', to_date('2010-05-06', 'yyyy-MM-dd'), '230000000', '上海军代局', '340000000', '海司通信部', '441000000', '通信', '文星天线', 2000, 1500, '520000000', '港币', 0.8368, 193.55, 1785.71, 214.29, '640000000', '单一来源', to_date('2010-06-01', 'yyyy-MM-dd'), '7G0000000', '中国庆安国际贸易集团有限公司', '34333', '09CQAI-8229HK', 'AAA', '111', 'ABC', 'CCCC', '55555', '后需物油[2010]32号', '810000000', '免税', '930000000', '（三）军事通信装备', 'aaa', to_date('2010-08-14', 'yyyy-MM-dd'), 'cadf', '使用', '1234567890');
insert into NAVYSYS.T_IMPORT (IMPORTID, TYPE_CODE, TYPE_NAME, IMPORT_YEAR, PLAN_ID, PLAN, PLAN_DATE, COMPACT_ID, COMPACT, COMPACT_DATE, UNIT_ID, UNIT, DEPT_ID, DEPT, CLASS_ID, CLASS_NAME, PROJECT, BUDGET, COMPACT_MONEY, CURRENCY_ID, CURRENCY, RATE, DOLLAR, RMB, ECONOMIZE, MODE_ID, MODE_NAME, DELIVERY_DATE, AGENT_ID, AGENT, AGREE_ID, AGREE, PRODUCTOR, SUPPORTOR_ID, SUPPORTOR, SUPPORTOR_ADDR, EXAMINE_ID, EXAMINE_NO, IMPORT_CLASS_ID, IMPORT_CLASS, DIRECTORY_ID, DIRECTORY, STORE_ADDR, USE_DATE, USE_UNIT, USE_STATE, IMAGE) values ('13', '130000000', '正常进口', '2010', '1234', 'PLAN20100501', to_date('2010-05-01', 'yyyy-MM-dd'), '5678', 'HT20100506', to_date('2010-05-06', 'yyyy-MM-dd'), '230000000', '上海军代局', '340000000', '海司通信部', '441000000', '通信', '文星天线', 2000, 1500, '520000000', '港币', 0.8368, 193.55, 1785.71, 214.29, '640000000', '单一来源', to_date('2010-06-01', 'yyyy-MM-dd'), '7G0000000', '中国庆安国际贸易集团有限公司', '34333', '09CQAI-8229HK', 'AAA', '111', 'ABC', 'CCCC', '55555', '后需物油[2010]32号', '820000000', '免税审批', '930000000', '（三）军事通信装备', 'aaa', to_date('2010-08-14', 'yyyy-MM-dd'), 'cadf', '使用', '1234567890');
insert into NAVYSYS.T_IMPORT (IMPORTID, TYPE_CODE, TYPE_NAME, IMPORT_YEAR, PLAN_ID, PLAN, PLAN_DATE, COMPACT_ID, COMPACT, COMPACT_DATE, UNIT_ID, UNIT, DEPT_ID, DEPT, CLASS_ID, CLASS_NAME, PROJECT, BUDGET, COMPACT_MONEY, CURRENCY_ID, CURRENCY, RATE, DOLLAR, RMB, ECONOMIZE, MODE_ID, MODE_NAME, DELIVERY_DATE, AGENT_ID, AGENT, AGREE_ID, AGREE, PRODUCTOR, SUPPORTOR_ID, SUPPORTOR, SUPPORTOR_ADDR, EXAMINE_ID, EXAMINE_NO, IMPORT_CLASS_ID, IMPORT_CLASS, DIRECTORY_ID, DIRECTORY, STORE_ADDR, USE_DATE, USE_UNIT, USE_STATE, IMAGE) values ('14', '130000000', '正常进口', '2010', '1234', 'PLAN20100501', to_date('2010-05-01', 'yyyy-MM-dd'), '5678', 'HT20100506', to_date('2010-05-06', 'yyyy-MM-dd'), '230000000', '上海军代局', '340000000', '海司通信部', '441000000', '通信', '文星天线', 2000, 1500, '520000000', '港币', 0.8368, 193.55, 1785.71, 214.29, '640000000', '单一来源', to_date('2010-06-01', 'yyyy-MM-dd'), '7G0000000', '中国庆安国际贸易集团有限公司', '34333', '09CQAI-8229HK', 'AAA', '111', 'ABC', 'CCCC', '55555', '后需物油[2010]32号', '810000000', '免税', '930000000', '（三）军事通信装备', 'aaa', to_date('2010-08-14', 'yyyy-MM-dd'), 'cadf', '使用', '1234567890');
insert into NAVYSYS.T_IMPORT (IMPORTID, TYPE_CODE, TYPE_NAME, IMPORT_YEAR, PLAN_ID, PLAN, PLAN_DATE, COMPACT_ID, COMPACT, COMPACT_DATE, UNIT_ID, UNIT, DEPT_ID, DEPT, CLASS_ID, CLASS_NAME, PROJECT, BUDGET, COMPACT_MONEY, CURRENCY_ID, CURRENCY, RATE, DOLLAR, RMB, ECONOMIZE, MODE_ID, MODE_NAME, DELIVERY_DATE, AGENT_ID, AGENT, AGREE_ID, AGREE, PRODUCTOR, SUPPORTOR_ID, SUPPORTOR, SUPPORTOR_ADDR, EXAMINE_ID, EXAMINE_NO, IMPORT_CLASS_ID, IMPORT_CLASS, DIRECTORY_ID, DIRECTORY, STORE_ADDR, USE_DATE, USE_UNIT, USE_STATE, IMAGE) values ('15', '130000000', '正常进口', '2010', '1234', 'PLAN20100501', to_date('2010-05-01', 'yyyy-MM-dd'), '5678', 'HT20100506', to_date('2010-05-06', 'yyyy-MM-dd'), '230000000', '上海军代局', '340000000', '海司通信部', '441000000', '通信', '文星天线', 2000, 1500, '520000000', '港币', 0.8368, 193.55, 1785.71, 214.29, '640000000', '单一来源', to_date('2010-06-01', 'yyyy-MM-dd'), '7G0000000', '中国庆安国际贸易集团有限公司', '34333', '09CQAI-8229HK', 'AAA', '111', 'ABC', 'CCCC', '55555', '后需物油[2010]32号', '810000000', '免税', '930000000', '（三）军事通信装备', 'aaa', to_date('2010-08-14', 'yyyy-MM-dd'), 'cadf', '使用', '1234567890');
insert into NAVYSYS.T_IMPORT (IMPORTID, TYPE_CODE, TYPE_NAME, IMPORT_YEAR, PLAN_ID, PLAN, PLAN_DATE, COMPACT_ID, COMPACT, COMPACT_DATE, UNIT_ID, UNIT, DEPT_ID, DEPT, CLASS_ID, CLASS_NAME, PROJECT, BUDGET, COMPACT_MONEY, CURRENCY_ID, CURRENCY, RATE, DOLLAR, RMB, ECONOMIZE, MODE_ID, MODE_NAME, DELIVERY_DATE, AGENT_ID, AGENT, AGREE_ID, AGREE, PRODUCTOR, SUPPORTOR_ID, SUPPORTOR, SUPPORTOR_ADDR, EXAMINE_ID, EXAMINE_NO, IMPORT_CLASS_ID, IMPORT_CLASS, DIRECTORY_ID, DIRECTORY, STORE_ADDR, USE_DATE, USE_UNIT, USE_STATE, IMAGE) values ('16', '130000000', '正常进口', '2010', '1234', 'PLAN20100501', to_date('2010-05-01', 'yyyy-MM-dd'), '5678', 'HT20100506', to_date('2010-05-06', 'yyyy-MM-dd'), '230000000', '上海军代局', '340000000', '海司通信部', '441000000', '通信', '文星天线', 2000, 1500, '520000000', '港币', 0.8368, 193.55, 1785.71, 214.29, '640000000', '单一来源', to_date('2010-06-01', 'yyyy-MM-dd'), '7G0000000', '中国庆安国际贸易集团有限公司', '34333', '09CQAI-8229HK', 'AAA', '111', 'ABC', 'CCCC', '55555', '后需物油[2010]32号', '820000000', '免税审批', '930000000', '（三）军事通信装备', 'aaa', to_date('2010-08-14', 'yyyy-MM-dd'), 'cadf', '使用', '1234567890');
insert into NAVYSYS.T_IMPORT (IMPORTID, TYPE_CODE, TYPE_NAME, IMPORT_YEAR, PLAN_ID, PLAN, PLAN_DATE, COMPACT_ID, COMPACT, COMPACT_DATE, UNIT_ID, UNIT, DEPT_ID, DEPT, CLASS_ID, CLASS_NAME, PROJECT, BUDGET, COMPACT_MONEY, CURRENCY_ID, CURRENCY, RATE, DOLLAR, RMB, ECONOMIZE, MODE_ID, MODE_NAME, DELIVERY_DATE, AGENT_ID, AGENT, AGREE_ID, AGREE, PRODUCTOR, SUPPORTOR_ID, SUPPORTOR, SUPPORTOR_ADDR, EXAMINE_ID, EXAMINE_NO, IMPORT_CLASS_ID, IMPORT_CLASS, DIRECTORY_ID, DIRECTORY, STORE_ADDR, USE_DATE, USE_UNIT, USE_STATE, IMAGE) values ('17', '130000000', '正常进口', '2010', '1234', 'PLAN20100501', to_date('2010-05-01', 'yyyy-MM-dd'), '5678', 'HT20100506', to_date('2010-05-06', 'yyyy-MM-dd'), '230000000', '上海军代局', '340000000', '海司通信部', '441000000', '通信', '文星天线', 2000, 1500, '520000000', '港币', 0.8368, 193.55, 1785.71, 214.29, '640000000', '单一来源', to_date('2010-06-01', 'yyyy-MM-dd'), '7G0000000', '中国庆安国际贸易集团有限公司', '34333', '09CQAI-8229HK', 'AAA', '111', 'ABC', 'CCCC', '55555', '后需物油[2010]32号', '810000000', '免税', '930000000', '（三）军事通信装备', 'aaa', to_date('2010-08-14', 'yyyy-MM-dd'), 'cadf', '使用', '1234567890');
insert into NAVYSYS.T_IMPORT (IMPORTID, TYPE_CODE, TYPE_NAME, IMPORT_YEAR, PLAN_ID, PLAN, PLAN_DATE, COMPACT_ID, COMPACT, COMPACT_DATE, UNIT_ID, UNIT, DEPT_ID, DEPT, CLASS_ID, CLASS_NAME, PROJECT, BUDGET, COMPACT_MONEY, CURRENCY_ID, CURRENCY, RATE, DOLLAR, RMB, ECONOMIZE, MODE_ID, MODE_NAME, DELIVERY_DATE, AGENT_ID, AGENT, AGREE_ID, AGREE, PRODUCTOR, SUPPORTOR_ID, SUPPORTOR, SUPPORTOR_ADDR, EXAMINE_ID, EXAMINE_NO, IMPORT_CLASS_ID, IMPORT_CLASS, DIRECTORY_ID, DIRECTORY, STORE_ADDR, USE_DATE, USE_UNIT, USE_STATE, IMAGE) values ('18', '130000000', '正常进口', '2010', '1234', 'PLAN20100501', to_date('2010-05-01', 'yyyy-MM-dd'), '5678', 'HT20100506', to_date('2010-05-06', 'yyyy-MM-dd'), '230000000', '上海军代局', '340000000', '海司通信部', '441000000', '通信', '文星天线', 2000, 1500, '520000000', '港币', 0.8368, 193.55, 1785.71, 214.29, '640000000', '单一来源', to_date('2010-06-01', 'yyyy-MM-dd'), '7G0000000', '中国庆安国际贸易集团有限公司', '34333', '09CQAI-8229HK', 'AAA', '111', 'ABC', 'CCCC', '55555', '后需物油[2010]32号', '810000000', '免税', '930000000', '（三）军事通信装备', 'aaa', to_date('2010-08-14', 'yyyy-MM-dd'), 'cadf', '使用', '1234567890');
insert into NAVYSYS.T_IMPORT (IMPORTID, TYPE_CODE, TYPE_NAME, IMPORT_YEAR, PLAN_ID, PLAN, PLAN_DATE, COMPACT_ID, COMPACT, COMPACT_DATE, UNIT_ID, UNIT, DEPT_ID, DEPT, CLASS_ID, CLASS_NAME, PROJECT, BUDGET, COMPACT_MONEY, CURRENCY_ID, CURRENCY, RATE, DOLLAR, RMB, ECONOMIZE, MODE_ID, MODE_NAME, DELIVERY_DATE, AGENT_ID, AGENT, AGREE_ID, AGREE, PRODUCTOR, SUPPORTOR_ID, SUPPORTOR, SUPPORTOR_ADDR, EXAMINE_ID, EXAMINE_NO, IMPORT_CLASS_ID, IMPORT_CLASS, DIRECTORY_ID, DIRECTORY, STORE_ADDR, USE_DATE, USE_UNIT, USE_STATE, IMAGE) values ('19', '130000000', '正常进口', '2010', '1234', 'PLAN20100501', to_date('2010-05-01', 'yyyy-MM-dd'), '5678', 'HT20100506', to_date('2010-05-06', 'yyyy-MM-dd'), '230000000', '上海军代局', '340000000', '海司通信部', '441000000', '通信', '文星天线', 2000, 1500, '520000000', '港币', 0.8368, 193.55, 1785.71, 214.29, '640000000', '单一来源', to_date('2010-06-01', 'yyyy-MM-dd'), '7G0000000', '中国庆安国际贸易集团有限公司', '34333', '09CQAI-8229HK', 'AAA', '111', 'ABC', 'CCCC', '55555', '后需物油[2010]32号', '820000000', '免税审批', '930000000', '（三）军事通信装备', 'aaa', to_date('2010-08-14', 'yyyy-MM-dd'), 'cadf', '使用', '1234567890');
insert into NAVYSYS.T_IMPORT (IMPORTID, TYPE_CODE, TYPE_NAME, IMPORT_YEAR, PLAN_ID, PLAN, PLAN_DATE, COMPACT_ID, COMPACT, COMPACT_DATE, UNIT_ID, UNIT, DEPT_ID, DEPT, CLASS_ID, CLASS_NAME, PROJECT, BUDGET, COMPACT_MONEY, CURRENCY_ID, CURRENCY, RATE, DOLLAR, RMB, ECONOMIZE, MODE_ID, MODE_NAME, DELIVERY_DATE, AGENT_ID, AGENT, AGREE_ID, AGREE, PRODUCTOR, SUPPORTOR_ID, SUPPORTOR, SUPPORTOR_ADDR, EXAMINE_ID, EXAMINE_NO, IMPORT_CLASS_ID, IMPORT_CLASS, DIRECTORY_ID, DIRECTORY, STORE_ADDR, USE_DATE, USE_UNIT, USE_STATE, IMAGE) values ('20', '130000000', '正常进口', '2010', '1234', 'PLAN20100501', to_date('2010-05-01', 'yyyy-MM-dd'), '5678', 'HT20100506', to_date('2010-05-06', 'yyyy-MM-dd'), '230000000', '上海军代局', '340000000', '海司通信部', '441000000', '通信', '文星天线', 2000, 1500, '520000000', '港币', 0.8368, 193.55, 1785.71, 214.29, '640000000', '单一来源', to_date('2010-06-01', 'yyyy-MM-dd'), '7G0000000', '中国庆安国际贸易集团有限公司', '34333', '09CQAI-8229HK', 'AAA', '111', 'ABC', 'CCCC', '55555', '后需物油[2010]32号', '810000000', '免税', '930000000', '（三）军事通信装备', 'aaa', to_date('2010-08-14', 'yyyy-MM-dd'), 'cadf', '使用', '1234567890');
insert into NAVYSYS.T_IMPORT (IMPORTID, TYPE_CODE, TYPE_NAME, IMPORT_YEAR, PLAN_ID, PLAN, PLAN_DATE, COMPACT_ID, COMPACT, COMPACT_DATE, UNIT_ID, UNIT, DEPT_ID, DEPT, CLASS_ID, CLASS_NAME, PROJECT, BUDGET, COMPACT_MONEY, CURRENCY_ID, CURRENCY, RATE, DOLLAR, RMB, ECONOMIZE, MODE_ID, MODE_NAME, DELIVERY_DATE, AGENT_ID, AGENT, AGREE_ID, AGREE, PRODUCTOR, SUPPORTOR_ID, SUPPORTOR, SUPPORTOR_ADDR, EXAMINE_ID, EXAMINE_NO, IMPORT_CLASS_ID, IMPORT_CLASS, DIRECTORY_ID, DIRECTORY, STORE_ADDR, USE_DATE, USE_UNIT, USE_STATE, IMAGE) values ('21', '130000000', '正常进口', '2010', '1234', 'PLAN20100501', to_date('2010-05-01', 'yyyy-MM-dd'), '5678', 'HT20100506', to_date('2010-05-06', 'yyyy-MM-dd'), '230000000', '上海军代局', '340000000', '海司通信部', '441000000', '通信', '文星天线', 2000, 1500, '520000000', '港币', 0.8368, 193.55, 1785.71, 214.29, '640000000', '单一来源', to_date('2010-06-01', 'yyyy-MM-dd'), '7G0000000', '中国庆安国际贸易集团有限公司', '34333', '09CQAI-8229HK', 'AAA', '111', 'ABC', 'CCCC', '55555', '后需物油[2010]32号', '810000000', '免税', '930000000', '（三）军事通信装备', 'aaa', to_date('2010-08-14', 'yyyy-MM-dd'), 'cadf', '使用', '1234567890');
insert into NAVYSYS.T_IMPORT (IMPORTID, TYPE_CODE, TYPE_NAME, IMPORT_YEAR, PLAN_ID, PLAN, PLAN_DATE, COMPACT_ID, COMPACT, COMPACT_DATE, UNIT_ID, UNIT, DEPT_ID, DEPT, CLASS_ID, CLASS_NAME, PROJECT, BUDGET, COMPACT_MONEY, CURRENCY_ID, CURRENCY, RATE, DOLLAR, RMB, ECONOMIZE, MODE_ID, MODE_NAME, DELIVERY_DATE, AGENT_ID, AGENT, AGREE_ID, AGREE, PRODUCTOR, SUPPORTOR_ID, SUPPORTOR, SUPPORTOR_ADDR, EXAMINE_ID, EXAMINE_NO, IMPORT_CLASS_ID, IMPORT_CLASS, DIRECTORY_ID, DIRECTORY, STORE_ADDR, USE_DATE, USE_UNIT, USE_STATE, IMAGE) values ('22', '130000000', '正常进口', '2010', '1234', 'PLAN20100501', to_date('2010-05-01', 'yyyy-MM-dd'), '5678', 'HT20100506', to_date('2010-05-06', 'yyyy-MM-dd'), '230000000', '上海军代局', '340000000', '海司通信部', '441000000', '通信', '文星天线', 2000, 1500, '520000000', '港币', 0.8368, 193.55, 1785.71, 214.29, '640000000', '单一来源', to_date('2010-06-01', 'yyyy-MM-dd'), '7G0000000', '中国庆安国际贸易集团有限公司', '34333', '09CQAI-8229HK', 'AAA', '111', 'ABC', 'CCCC', '55555', '后需物油[2010]32号', '810000000', '免税', '930000000', '（三）军事通信装备', 'aaa', to_date('2010-08-14', 'yyyy-MM-dd'), 'cadf', '使用', '1234567890');
insert into NAVYSYS.T_IMPORT (IMPORTID, TYPE_CODE, TYPE_NAME, IMPORT_YEAR, PLAN_ID, PLAN, PLAN_DATE, COMPACT_ID, COMPACT, COMPACT_DATE, UNIT_ID, UNIT, DEPT_ID, DEPT, CLASS_ID, CLASS_NAME, PROJECT, BUDGET, COMPACT_MONEY, CURRENCY_ID, CURRENCY, RATE, DOLLAR, RMB, ECONOMIZE, MODE_ID, MODE_NAME, DELIVERY_DATE, AGENT_ID, AGENT, AGREE_ID, AGREE, PRODUCTOR, SUPPORTOR_ID, SUPPORTOR, SUPPORTOR_ADDR, EXAMINE_ID, EXAMINE_NO, IMPORT_CLASS_ID, IMPORT_CLASS, DIRECTORY_ID, DIRECTORY, STORE_ADDR, USE_DATE, USE_UNIT, USE_STATE, IMAGE) values ('24', '130000000', '正常进口', '2010', '1234', 'PLAN20100501', to_date('2010-05-01', 'yyyy-MM-dd'), '5678', 'HT20100506', to_date('2010-05-06', 'yyyy-MM-dd'), '230000000', '上海军代局', '340000000', '海司通信部', '441000000', '通信', '文星天线', 2000, 1500, '520000000', '港币', 0.8368, 193.55, 1785.71, 214.29, '640000000', '单一来源', to_date('2010-06-01', 'yyyy-MM-dd'), '7G0000000', '中国庆安国际贸易集团有限公司', '34333', '09CQAI-8229HK', 'AAA', '111', 'ABC', 'CCCC', '55555', '后需物油[2010]32号', '810000000', '免税', '930000000', '（三）军事通信装备', 'aaa', to_date('2010-08-14', 'yyyy-MM-dd'), 'cadf', '使用', '1234567890');
insert into NAVYSYS.T_IMPORT (IMPORTID, TYPE_CODE, TYPE_NAME, IMPORT_YEAR, PLAN_ID, PLAN, PLAN_DATE, COMPACT_ID, COMPACT, COMPACT_DATE, UNIT_ID, UNIT, DEPT_ID, DEPT, CLASS_ID, CLASS_NAME, PROJECT, BUDGET, COMPACT_MONEY, CURRENCY_ID, CURRENCY, RATE, DOLLAR, RMB, ECONOMIZE, MODE_ID, MODE_NAME, DELIVERY_DATE, AGENT_ID, AGENT, AGREE_ID, AGREE, PRODUCTOR, SUPPORTOR_ID, SUPPORTOR, SUPPORTOR_ADDR, EXAMINE_ID, EXAMINE_NO, IMPORT_CLASS_ID, IMPORT_CLASS, DIRECTORY_ID, DIRECTORY, STORE_ADDR, USE_DATE, USE_UNIT, USE_STATE, IMAGE) values ('99f666ec-c6de-43cf-af4f-1992ea5923ff', '110000000', '国内战备储备', '2002', '6ea0ebfd-3fa7-44bb-9a46-7877ba95a40c', '111aaaa', to_date('2011-06-14', 'yyyy-MM-dd'), 'd7756a05-fbe7-4dad-89f3-ce62b896c22f', '222', to_date('2011-06-14', 'yyyy-MM-dd'), '220000000', '北京专装采购站', '320000000', '海司情报部', '421000000', '部侦', 'fasdfd', 111, 111, '520000000', '港币', 0.8368, 11, 11, 0, '630000000', '询价', to_date('2011-06-14', 'yyyy-MM-dd'), '7P0000000', '中恒信国际贸易公司', '68505420-12c7-47e6-8f2c-0bf579a6f8b2', 'fdsa', 'fdsa', '761df5d7-d4fb-4729-a292-2ea30c72bedd', 'cccccccccccc', 'fdasfa', '31ac565f-ee6b-4d93-b871-fac54e2f94b3', 'fdsa', '810000000', '免税', '9K0000000', '（二十）空军专用后勤装备', 'fdsa', to_date('2011-06-14', 'yyyy-MM-dd'), 'fdsa', 'A10000000', 'c3ebd4ae-7e87-41a3-a25c-9db7a0803fe1');

insert into NAVYSYS.T_SUPPORTOR (SUP_ID, SUP_NAME, SUP_EN_NAME, CREATE_DATE, ABBREVIATION, ADDRESS, POSTCODE, NET_ADDR, ORGANIZE_CODE, ECONOMY, TYPE_CODE, TYPE, BANK_ID, BANK, ACCOUNT, CREDIT_ID, CREDIT, CREDIT_ORG, CREDIT_DATE, INSURANCE, ILLEGAL, CORPORATION, CORP_PHONE, CORP_MOBILE, CONTACT, CONTACT_PHONE, CONTACT_MOBILE, CONTACT_FAX, CONTACT_EMAIL, LIC_NO, LIC_ORG, LIC_CAPITAL, LIC_ADDR, LIC_VAL_START, LIC_VAL_END, LIC_EXA_DATE, LIC_MAIN_OPT, LIC_OTHER_OPT, STATE_TAX_NO, LOCAL_TAX_NO, STATE_TAX_ORG, LOCAL_TAX_ORG, STATE_TAX_VAL_START, STATE_TAX_VAL_END, LOCAL_TAX_VAL_START, LOCAL_TAX_VAL_END, IF_STATE_TAX, IF_LOCAL_TAX) values ('111', 'ABC', 'abc', null, null, 'dd', null, null, null, null, null, null, null, null, null, null, null, null, null, null, null, null, null, null, null, null, null, null, null, null, null, null, null, null, null, null, null, null, null, null, null, null, null, null, null, null, null, null);
insert into NAVYSYS.T_SUPPORTOR (SUP_ID, SUP_NAME, SUP_EN_NAME, CREATE_DATE, ABBREVIATION, ADDRESS, POSTCODE, NET_ADDR, ORGANIZE_CODE, ECONOMY, TYPE_CODE, TYPE, BANK_ID, BANK, ACCOUNT, CREDIT_ID, CREDIT, CREDIT_ORG, CREDIT_DATE, INSURANCE, ILLEGAL, CORPORATION, CORP_PHONE, CORP_MOBILE, CONTACT, CONTACT_PHONE, CONTACT_MOBILE, CONTACT_FAX, CONTACT_EMAIL, LIC_NO, LIC_ORG, LIC_CAPITAL, LIC_ADDR, LIC_VAL_START, LIC_VAL_END, LIC_EXA_DATE, LIC_MAIN_OPT, LIC_OTHER_OPT, STATE_TAX_NO, LOCAL_TAX_NO, STATE_TAX_ORG, LOCAL_TAX_ORG, STATE_TAX_VAL_START, STATE_TAX_VAL_END, LOCAL_TAX_VAL_START, LOCAL_TAX_VAL_END, IF_STATE_TAX, IF_LOCAL_TAX) values ('761df5d7-d4fb-4729-a292-2ea30c72bedd', 'cccccccccccc', null, null, null, 'fdasfa', null, 'www.baidu.com', null, null, null, null, null, null, null, null, null, null, null, null, null, null, null, null, null, null, null, null, null, null, null, null, null, null, null, null, null, null, null, null, null, null, null, null, null, null, null, null);
insert into NAVYSYS.T_SUPPORTOR (SUP_ID, SUP_NAME, SUP_EN_NAME, CREATE_DATE, ABBREVIATION, ADDRESS, POSTCODE, NET_ADDR, ORGANIZE_CODE, ECONOMY, TYPE_CODE, TYPE, BANK_ID, BANK, ACCOUNT, CREDIT_ID, CREDIT, CREDIT_ORG, CREDIT_DATE, INSURANCE, ILLEGAL, CORPORATION, CORP_PHONE, CORP_MOBILE, CONTACT, CONTACT_PHONE, CONTACT_MOBILE, CONTACT_FAX, CONTACT_EMAIL, LIC_NO, LIC_ORG, LIC_CAPITAL, LIC_ADDR, LIC_VAL_START, LIC_VAL_END, LIC_EXA_DATE, LIC_MAIN_OPT, LIC_OTHER_OPT, STATE_TAX_NO, LOCAL_TAX_NO, STATE_TAX_ORG, LOCAL_TAX_ORG, STATE_TAX_VAL_START, STATE_TAX_VAL_END, LOCAL_TAX_VAL_START, LOCAL_TAX_VAL_END, IF_STATE_TAX, IF_LOCAL_TAX) values ('aed59253-883e-4748-b9ad-8a669061a91b', null, null, null, null, null, null, null, null, null, null, null, null, null, null, null, null, null, null, null, null, null, null, null, null, null, null, null, null, null, null, null, null, null, null, null, null, null, null, null, null, null, null, null, null, null, null, null);

insert into NAVYSYS.T_IMAGE (IMAGE_ID, IMPORT_ID, IMAGE_TYPE_ID, IMAGE_TYPE, IMAGE_NAME, IMAGE_DESC, IMAGE_PATH, IMAGE, EXPINFOA, EXPINFOB, EXPINFOC, EXPINFOD, EXPINFOE, IMAGE_ORDER) values ('b3d85e7a-e64d-4048-b47f-6efc96dabc36', '99f666ec-c6de-43cf-af4f-1992ea5923ff', 'c3ebd4ae-7e87-41a3-a25c-9db7a0803fe1', 'IMAGE', 'Blue_hills.jpg', null, 'navy/import/d0dabb68-c263-404f-9c43-d9ac1d20a2ac', null, null, null, null, null, null, 1);
insert into NAVYSYS.T_IMAGE (IMAGE_ID, IMPORT_ID, IMAGE_TYPE_ID, IMAGE_TYPE, IMAGE_NAME, IMAGE_DESC, IMAGE_PATH, IMAGE, EXPINFOA, EXPINFOB, EXPINFOC, EXPINFOD, EXPINFOE, IMAGE_ORDER) values ('1f1ae431-0d43-4482-aef4-7373823f03cb', '99f666ec-c6de-43cf-af4f-1992ea5923ff', '6ea0ebfd-3fa7-44bb-9a46-7877ba95a40c', 'PLAN', 'Sunset.jpg', null, 'navy/import/9e05fff8-3471-4a54-b470-05f1e7ba3454', null, null, null, null, null, null, 1);
insert into NAVYSYS.T_IMAGE (IMAGE_ID, IMPORT_ID, IMAGE_TYPE_ID, IMAGE_TYPE, IMAGE_NAME, IMAGE_DESC, IMAGE_PATH, IMAGE, EXPINFOA, EXPINFOB, EXPINFOC, EXPINFOD, EXPINFOE, IMAGE_ORDER) values ('22a23f7a-a169-469a-8659-1a01f23e2aeb', '99f666ec-c6de-43cf-af4f-1992ea5923ff', '6ea0ebfd-3fa7-44bb-9a46-7877ba95a40c', 'PLAN', 'Water_lilies.jpg', null, 'navy/import/a3b9f5a8-f492-4f33-917f-9c3449fb9577', null, null, null, null, null, null, 2);
insert into NAVYSYS.T_IMAGE (IMAGE_ID, IMPORT_ID, IMAGE_TYPE_ID, IMAGE_TYPE, IMAGE_NAME, IMAGE_DESC, IMAGE_PATH, IMAGE, EXPINFOA, EXPINFOB, EXPINFOC, EXPINFOD, EXPINFOE, IMAGE_ORDER) values ('18f57752-0f2c-4e43-98cc-4e818e8010ee', '99f666ec-c6de-43cf-af4f-1992ea5923ff', '6ea0ebfd-3fa7-44bb-9a46-7877ba95a40c', 'PLAN', 'Winter.jpg', null, 'navy/import/1e4c814d-9281-4490-8df7-69e29ae511ef', null, null, null, null, null, null, 3);
insert into NAVYSYS.T_IMAGE (IMAGE_ID, IMPORT_ID, IMAGE_TYPE_ID, IMAGE_TYPE, IMAGE_NAME, IMAGE_DESC, IMAGE_PATH, IMAGE, EXPINFOA, EXPINFOB, EXPINFOC, EXPINFOD, EXPINFOE, IMAGE_ORDER) values ('f6e7f479-5d97-4f0d-af84-e723ddd239ca', '99f666ec-c6de-43cf-af4f-1992ea5923ff', '6ea0ebfd-3fa7-44bb-9a46-7877ba95a40c', 'PLAN', '20110422135829_775.jpg', null, 'navy/import/c5cc5391-e828-4dd6-abde-598c5bfbf0a5', null, null, null, null, null, null, 4);
