insert into PRIVSYS.T_DEPT (DEPT_ID, DEPT_NAME, SPELLING, SUPER_DEPT_ID, DEPT_ORDER, REMARK, VALIDATED, CREATOR_ID, CREATOR_NAME, CREATE_DATE, OPERATOR_ID, OPERATOR_NAME, OPERAT_DATE, EXPINFOA, EXPINFOB, EXPINFOC, EXPINFOD, EXPINFOE) values ('310000000', '海司机要局', null, '-1', 1, null, 'Y', null, null, null, null, null, null, null, null, null, null, null);
insert into PRIVSYS.T_DEPT (DEPT_ID, DEPT_NAME, SPELLING, SUPER_DEPT_ID, DEPT_ORDER, REMARK, VALIDATED, CREATOR_ID, CREATOR_NAME, CREATE_DATE, OPERATOR_ID, OPERATOR_NAME, OPERAT_DATE, EXPINFOA, EXPINFOB, EXPINFOC, EXPINFOD, EXPINFOE) values ('320000000', '海司情报部', null, '-1', 2, null, 'Y', null, null, null, null, null, null, null, null, null, null, null);
insert into PRIVSYS.T_DEPT (DEPT_ID, DEPT_NAME, SPELLING, SUPER_DEPT_ID, DEPT_ORDER, REMARK, VALIDATED, CREATOR_ID, CREATOR_NAME, CREATE_DATE, OPERATOR_ID, OPERATOR_NAME, OPERAT_DATE, EXPINFOA, EXPINFOB, EXPINFOC, EXPINFOD, EXPINFOE) values ('330000000', '海司四部', null, '-1', 3, null, 'Y', null, null, null, null, null, null, null, null, null, null, null);
insert into PRIVSYS.T_DEPT (DEPT_ID, DEPT_NAME, SPELLING, SUPER_DEPT_ID, DEPT_ORDER, REMARK, VALIDATED, CREATOR_ID, CREATOR_NAME, CREATE_DATE, OPERATOR_ID, OPERATOR_NAME, OPERAT_DATE, EXPINFOA, EXPINFOB, EXPINFOC, EXPINFOD, EXPINFOE) values ('340000000', '海司通信部', null, '-1', 4, null, 'Y', null, null, null, null, null, null, null, null, null, null, null);
insert into PRIVSYS.T_DEPT (DEPT_ID, DEPT_NAME, SPELLING, SUPER_DEPT_ID, DEPT_ORDER, REMARK, VALIDATED, CREATOR_ID, CREATOR_NAME, CREATE_DATE, OPERATOR_ID, OPERATOR_NAME, OPERAT_DATE, EXPINFOA, EXPINFOB, EXPINFOC, EXPINFOD, EXPINFOE) values ('350000000', '海司军训部', null, '-1', 5, null, 'Y', null, null, null, null, null, null, null, null, null, null, null);
insert into PRIVSYS.T_DEPT (DEPT_ID, DEPT_NAME, SPELLING, SUPER_DEPT_ID, DEPT_ORDER, REMARK, VALIDATED, CREATOR_ID, CREATOR_NAME, CREATE_DATE, OPERATOR_ID, OPERATOR_NAME, OPERAT_DATE, EXPINFOA, EXPINFOB, EXPINFOC, EXPINFOD, EXPINFOE) values ('360000000', '海司航保部', null, '-1', 6, null, 'Y', null, null, null, null, null, null, null, null, null, null, null);
insert into PRIVSYS.T_DEPT (DEPT_ID, DEPT_NAME, SPELLING, SUPER_DEPT_ID, DEPT_ORDER, REMARK, VALIDATED, CREATOR_ID, CREATOR_NAME, CREATE_DATE, OPERATOR_ID, OPERATOR_NAME, OPERAT_DATE, EXPINFOA, EXPINFOB, EXPINFOC, EXPINFOD, EXPINFOE) values ('370000000', '海司航空兵部', null, '-1', 7, null, 'Y', null, null, null, null, null, null, null, null, null, null, null);
insert into PRIVSYS.T_DEPT (DEPT_ID, DEPT_NAME, SPELLING, SUPER_DEPT_ID, DEPT_ORDER, REMARK, VALIDATED, CREATOR_ID, CREATOR_NAME, CREATE_DATE, OPERATOR_ID, OPERATOR_NAME, OPERAT_DATE, EXPINFOA, EXPINFOB, EXPINFOC, EXPINFOD, EXPINFOE) values ('380000000', '海后司令部', null, '-1', 8, null, 'Y', null, null, null, null, null, null, null, null, null, null, null);
insert into PRIVSYS.T_DEPT (DEPT_ID, DEPT_NAME, SPELLING, SUPER_DEPT_ID, DEPT_ORDER, REMARK, VALIDATED, CREATOR_ID, CREATOR_NAME, CREATE_DATE, OPERATOR_ID, OPERATOR_NAME, OPERAT_DATE, EXPINFOA, EXPINFOB, EXPINFOC, EXPINFOD, EXPINFOE) values ('390000000', '海后军需物油部', null, '-1', 9, null, 'Y', null, null, null, null, null, null, null, null, null, null, null);
insert into PRIVSYS.T_DEPT (DEPT_ID, DEPT_NAME, SPELLING, SUPER_DEPT_ID, DEPT_ORDER, REMARK, VALIDATED, CREATOR_ID, CREATOR_NAME, CREATE_DATE, OPERATOR_ID, OPERATOR_NAME, OPERAT_DATE, EXPINFOA, EXPINFOB, EXPINFOC, EXPINFOD, EXPINFOE) values ('3A0000000', '海后卫生部', null, '-1', 10, null, 'Y', null, null, null, null, null, null, null, null, null, null, null);
insert into PRIVSYS.T_DEPT (DEPT_ID, DEPT_NAME, SPELLING, SUPER_DEPT_ID, DEPT_ORDER, REMARK, VALIDATED, CREATOR_ID, CREATOR_NAME, CREATE_DATE, OPERATOR_ID, OPERATOR_NAME, OPERAT_DATE, EXPINFOA, EXPINFOB, EXPINFOC, EXPINFOD, EXPINFOE) values ('3B0000000', '海后港营部', null, '-1', 11, null, 'Y', null, null, null, null, null, null, null, null, null, null, null);
insert into PRIVSYS.T_DEPT (DEPT_ID, DEPT_NAME, SPELLING, SUPER_DEPT_ID, DEPT_ORDER, REMARK, VALIDATED, CREATOR_ID, CREATOR_NAME, CREATE_DATE, OPERATOR_ID, OPERATOR_NAME, OPERAT_DATE, EXPINFOA, EXPINFOB, EXPINFOC, EXPINFOD, EXPINFOE) values ('3C0000000', '海后军交部', null, '-1', 12, null, 'Y', null, null, null, null, null, null, null, null, null, null, null);
insert into PRIVSYS.T_DEPT (DEPT_ID, DEPT_NAME, SPELLING, SUPER_DEPT_ID, DEPT_ORDER, REMARK, VALIDATED, CREATOR_ID, CREATOR_NAME, CREATE_DATE, OPERATOR_ID, OPERATOR_NAME, OPERAT_DATE, EXPINFOA, EXPINFOB, EXPINFOC, EXPINFOD, EXPINFOE) values ('3D0000000', '海后舰技部', null, '-1', 13, null, 'Y', null, null, null, null, null, null, null, null, null, null, null);
insert into PRIVSYS.T_DEPT (DEPT_ID, DEPT_NAME, SPELLING, SUPER_DEPT_ID, DEPT_ORDER, REMARK, VALIDATED, CREATOR_ID, CREATOR_NAME, CREATE_DATE, OPERATOR_ID, OPERATOR_NAME, OPERAT_DATE, EXPINFOA, EXPINFOB, EXPINFOC, EXPINFOD, EXPINFOE) values ('3E0000000', '海后航技部', null, '-1', 14, null, 'Y', null, null, null, null, null, null, null, null, null, null, null);
insert into PRIVSYS.T_DEPT (DEPT_ID, DEPT_NAME, SPELLING, SUPER_DEPT_ID, DEPT_ORDER, REMARK, VALIDATED, CREATOR_ID, CREATOR_NAME, CREATE_DATE, OPERATOR_ID, OPERATOR_NAME, OPERAT_DATE, EXPINFOA, EXPINFOB, EXPINFOC, EXPINFOD, EXPINFOE) values ('3F0000000', '海后军械部', null, '-1', 15, null, 'Y', null, null, null, null, null, null, null, null, null, null, null);

insert into PRIVSYS.T_USER (USER_ID, DEPT_ID, USER_NAME, USER_ALIAS, LOGIN_NAME, LOGIN_PASS, REMARK, VALIDATED, CREATOR_ID, CREATOR, CREATOR_DATE, OPERATOR_ID, OPERATOR, OPDATE, EXPINFOA, EXPINFOB, EXPINFOC, EXPINFOD, EXPINFOE) values ('1', '0', 'admin', 'admin', 'admin', '123456', null, 'Y', null, null, null, null, null, null, null, null, null, null, null);
insert into PRIVSYS.T_USER (USER_ID, DEPT_ID, USER_NAME, USER_ALIAS, LOGIN_NAME, LOGIN_PASS, REMARK, VALIDATED, CREATOR_ID, CREATOR, CREATOR_DATE, OPERATOR_ID, OPERATOR, OPDATE, EXPINFOA, EXPINFOB, EXPINFOC, EXPINFOD, EXPINFOE) values ('10000000', '390000000', '熊助理', 'xiong', 'xiong', '123456', null, 'Y', null, null, null, null, null, null, null, null, null, null, null);

insert into PRIVSYS.T_FUNCTION (FUNCTION_ID, FUNCTION_NAME, SUPER_FUNCTION_ID, VALIDATED, FUNCTION_URL, FUNCTION_TYPE, FUNCTION_ORDER, REMARK, CREATOR_ID, CREATOR, CREATE_DATE, OPERATOR_ID, OPERATOR, OPDATE, EXPINFOA, EXPINFOB, EXPINFOC, EXPINFOD, EXPINFOE) values ('1400000000', '物资进口查询', '1000000000', 'Y', 'pages/navy/importmanage/importQuery.jsp', null, 4, null, null, null, null, null, null, null, null, null, null, null, null);
insert into PRIVSYS.T_FUNCTION (FUNCTION_ID, FUNCTION_NAME, SUPER_FUNCTION_ID, VALIDATED, FUNCTION_URL, FUNCTION_TYPE, FUNCTION_ORDER, REMARK, CREATOR_ID, CREATOR, CREATE_DATE, OPERATOR_ID, OPERATOR, OPDATE, EXPINFOA, EXPINFOB, EXPINFOC, EXPINFOD, EXPINFOE) values ('2300000000', '需求单位维护', '2000000000', 'Y', 'pages/dict/dictQuery.jsp?typeid=3', null, 1, null, null, null, null, null, null, null, null, null, null, null, null);
insert into PRIVSYS.T_FUNCTION (FUNCTION_ID, FUNCTION_NAME, SUPER_FUNCTION_ID, VALIDATED, FUNCTION_URL, FUNCTION_TYPE, FUNCTION_ORDER, REMARK, CREATOR_ID, CREATOR, CREATE_DATE, OPERATOR_ID, OPERATOR, OPDATE, EXPINFOA, EXPINFOB, EXPINFOC, EXPINFOD, EXPINFOE) values ('2400000000', '专业类别维护', '2000000000', 'Y', 'pages/dict/dictQuery.jsp?typeid=4', null, 2, null, null, null, null, null, null, null, null, null, null, null, null);
insert into PRIVSYS.T_FUNCTION (FUNCTION_ID, FUNCTION_NAME, SUPER_FUNCTION_ID, VALIDATED, FUNCTION_URL, FUNCTION_TYPE, FUNCTION_ORDER, REMARK, CREATOR_ID, CREATOR, CREATE_DATE, OPERATOR_ID, OPERATOR, OPDATE, EXPINFOA, EXPINFOB, EXPINFOC, EXPINFOD, EXPINFOE) values ('2500000000', '币种维护', '2000000000', 'Y', 'pages/dict/dictQuery.jsp?typeid=5', null, 2, null, null, null, null, null, null, null, null, null, null, null, null);
insert into PRIVSYS.T_FUNCTION (FUNCTION_ID, FUNCTION_NAME, SUPER_FUNCTION_ID, VALIDATED, FUNCTION_URL, FUNCTION_TYPE, FUNCTION_ORDER, REMARK, CREATOR_ID, CREATOR, CREATE_DATE, OPERATOR_ID, OPERATOR, OPDATE, EXPINFOA, EXPINFOB, EXPINFOC, EXPINFOD, EXPINFOE) values ('2600000000', '采购方式维护', '2000000000', 'Y', 'pages/dict/dictQuery.jsp?typeid=6', null, 2, null, null, null, null, null, null, null, null, null, null, null, null);
insert into PRIVSYS.T_FUNCTION (FUNCTION_ID, FUNCTION_NAME, SUPER_FUNCTION_ID, VALIDATED, FUNCTION_URL, FUNCTION_TYPE, FUNCTION_ORDER, REMARK, CREATOR_ID, CREATOR, CREATE_DATE, OPERATOR_ID, OPERATOR, OPDATE, EXPINFOA, EXPINFOB, EXPINFOC, EXPINFOD, EXPINFOE) values ('2700000000', '委托代理公司维护', '2000000000', 'Y', 'pages/dict/dictQuery.jsp?typeid=7', null, 2, null, null, null, null, null, null, null, null, null, null, null, null);
insert into PRIVSYS.T_FUNCTION (FUNCTION_ID, FUNCTION_NAME, SUPER_FUNCTION_ID, VALIDATED, FUNCTION_URL, FUNCTION_TYPE, FUNCTION_ORDER, REMARK, CREATOR_ID, CREATOR, CREATE_DATE, OPERATOR_ID, OPERATOR, OPDATE, EXPINFOA, EXPINFOB, EXPINFOC, EXPINFOD, EXPINFOE) values ('2800000000', '进口类别维护', '2000000000', 'Y', 'pages/dict/dictQuery.jsp?typeid=8', null, 2, null, null, null, null, null, null, null, null, null, null, null, null);
insert into PRIVSYS.T_FUNCTION (FUNCTION_ID, FUNCTION_NAME, SUPER_FUNCTION_ID, VALIDATED, FUNCTION_URL, FUNCTION_TYPE, FUNCTION_ORDER, REMARK, CREATOR_ID, CREATOR, CREATE_DATE, OPERATOR_ID, OPERATOR, OPDATE, EXPINFOA, EXPINFOB, EXPINFOC, EXPINFOD, EXPINFOE) values ('2900000000', '免税目录维护', '2000000000', 'Y', 'pages/dict/dictQuery.jsp?typeid=9', null, 2, null, null, null, null, null, null, null, null, null, null, null, null);
insert into PRIVSYS.T_FUNCTION (FUNCTION_ID, FUNCTION_NAME, SUPER_FUNCTION_ID, VALIDATED, FUNCTION_URL, FUNCTION_TYPE, FUNCTION_ORDER, REMARK, CREATOR_ID, CREATOR, CREATE_DATE, OPERATOR_ID, OPERATOR, OPDATE, EXPINFOA, EXPINFOB, EXPINFOC, EXPINFOD, EXPINFOE) values ('2A00000000', '使用情况维护', '2000000000', 'Y', 'pages/dict/dictQuery.jsp?typeid=10', null, 2, null, null, null, null, null, null, null, null, null, null, null, null);
insert into PRIVSYS.T_FUNCTION (FUNCTION_ID, FUNCTION_NAME, SUPER_FUNCTION_ID, VALIDATED, FUNCTION_URL, FUNCTION_TYPE, FUNCTION_ORDER, REMARK, CREATOR_ID, CREATOR, CREATE_DATE, OPERATOR_ID, OPERATOR, OPDATE, EXPINFOA, EXPINFOB, EXPINFOC, EXPINFOD, EXPINFOE) values ('2B00000000', '供应商类别维护', '2000000000', 'Y', 'pages/dict/dictQuery.jsp?typeid=11', null, 2, null, null, null, null, null, null, null, null, null, null, null, null);
insert into PRIVSYS.T_FUNCTION (FUNCTION_ID, FUNCTION_NAME, SUPER_FUNCTION_ID, VALIDATED, FUNCTION_URL, FUNCTION_TYPE, FUNCTION_ORDER, REMARK, CREATOR_ID, CREATOR, CREATE_DATE, OPERATOR_ID, OPERATOR, OPDATE, EXPINFOA, EXPINFOB, EXPINFOC, EXPINFOD, EXPINFOE) values ('2C00000000', '开户银行维护', '2000000000', 'Y', 'pages/dict/dictQuery.jsp?typeid=12', null, 2, null, null, null, null, null, null, null, null, null, null, null, null);
insert into PRIVSYS.T_FUNCTION (FUNCTION_ID, FUNCTION_NAME, SUPER_FUNCTION_ID, VALIDATED, FUNCTION_URL, FUNCTION_TYPE, FUNCTION_ORDER, REMARK, CREATOR_ID, CREATOR, CREATE_DATE, OPERATOR_ID, OPERATOR, OPDATE, EXPINFOA, EXPINFOB, EXPINFOC, EXPINFOD, EXPINFOE) values ('2D00000000', '信用等级维护', '2000000000', 'Y', 'pages/dict/dictQuery.jsp?typeid=13', null, 2, null, null, null, null, null, null, null, null, null, null, null, null);
insert into PRIVSYS.T_FUNCTION (FUNCTION_ID, FUNCTION_NAME, SUPER_FUNCTION_ID, VALIDATED, FUNCTION_URL, FUNCTION_TYPE, FUNCTION_ORDER, REMARK, CREATOR_ID, CREATOR, CREATE_DATE, OPERATOR_ID, OPERATOR, OPDATE, EXPINFOA, EXPINFOB, EXPINFOC, EXPINFOD, EXPINFOE) values ('1500000000', '供应商信息管理', '1000000000', 'N', 'pages/navy/supportormanage/supportorQuery.jsp', null, 3, null, null, null, null, null, null, null, null, null, null, null, null);
insert into PRIVSYS.T_FUNCTION (FUNCTION_ID, FUNCTION_NAME, SUPER_FUNCTION_ID, VALIDATED, FUNCTION_URL, FUNCTION_TYPE, FUNCTION_ORDER, REMARK, CREATOR_ID, CREATOR, CREATE_DATE, OPERATOR_ID, OPERATOR, OPDATE, EXPINFOA, EXPINFOB, EXPINFOC, EXPINFOD, EXPINFOE) values ('1000000000', '物资管理', '-1', 'Y', null, null, 1, null, null, null, null, null, null, null, null, null, null, null, null);
insert into PRIVSYS.T_FUNCTION (FUNCTION_ID, FUNCTION_NAME, SUPER_FUNCTION_ID, VALIDATED, FUNCTION_URL, FUNCTION_TYPE, FUNCTION_ORDER, REMARK, CREATOR_ID, CREATOR, CREATE_DATE, OPERATOR_ID, OPERATOR, OPDATE, EXPINFOA, EXPINFOB, EXPINFOC, EXPINFOD, EXPINFOE) values ('1100000000', '数据导入', '1000000000', 'Y', 'pages/navy/importmanage/import.jsp', null, 1, null, null, null, null, null, null, null, null, null, null, null, null);
insert into PRIVSYS.T_FUNCTION (FUNCTION_ID, FUNCTION_NAME, SUPER_FUNCTION_ID, VALIDATED, FUNCTION_URL, FUNCTION_TYPE, FUNCTION_ORDER, REMARK, CREATOR_ID, CREATOR, CREATE_DATE, OPERATOR_ID, OPERATOR, OPDATE, EXPINFOA, EXPINFOB, EXPINFOC, EXPINFOD, EXPINFOE) values ('1200000000', '物资进口信息管理', '1000000000', 'Y', 'pages/navy/importmanage/importDataQuery.jsp', null, 2, null, null, null, null, null, null, null, null, null, null, null, null);
insert into PRIVSYS.T_FUNCTION (FUNCTION_ID, FUNCTION_NAME, SUPER_FUNCTION_ID, VALIDATED, FUNCTION_URL, FUNCTION_TYPE, FUNCTION_ORDER, REMARK, CREATOR_ID, CREATOR, CREATE_DATE, OPERATOR_ID, OPERATOR, OPDATE, EXPINFOA, EXPINFOB, EXPINFOC, EXPINFOD, EXPINFOE) values ('1300000000', '物资进口汇总分析', '1000000000', 'Y', 'pages/navy/importmanage/importQueryByUnit.jsp', null, 5, null, null, null, null, null, null, null, null, null, null, null, null);
insert into PRIVSYS.T_FUNCTION (FUNCTION_ID, FUNCTION_NAME, SUPER_FUNCTION_ID, VALIDATED, FUNCTION_URL, FUNCTION_TYPE, FUNCTION_ORDER, REMARK, CREATOR_ID, CREATOR, CREATE_DATE, OPERATOR_ID, OPERATOR, OPDATE, EXPINFOA, EXPINFOB, EXPINFOC, EXPINFOD, EXPINFOE) values ('2000000000', '系统维护', '-1', 'Y', null, null, 2, null, null, null, null, null, null, null, null, null, null, null, null);
insert into PRIVSYS.T_FUNCTION (FUNCTION_ID, FUNCTION_NAME, SUPER_FUNCTION_ID, VALIDATED, FUNCTION_URL, FUNCTION_TYPE, FUNCTION_ORDER, REMARK, CREATOR_ID, CREATOR, CREATE_DATE, OPERATOR_ID, OPERATOR, OPDATE, EXPINFOA, EXPINFOB, EXPINFOC, EXPINFOD, EXPINFOE) values ('2100000000', '计划类别维护', '2000000000', 'Y', 'pages/dict/dictQuery.jsp?typeid=1', null, 1, null, null, null, null, null, null, null, null, null, null, null, null);
insert into PRIVSYS.T_FUNCTION (FUNCTION_ID, FUNCTION_NAME, SUPER_FUNCTION_ID, VALIDATED, FUNCTION_URL, FUNCTION_TYPE, FUNCTION_ORDER, REMARK, CREATOR_ID, CREATOR, CREATE_DATE, OPERATOR_ID, OPERATOR, OPDATE, EXPINFOA, EXPINFOB, EXPINFOC, EXPINFOD, EXPINFOE) values ('2200000000', '采购机构维护', '2000000000', 'Y', 'pages/dict/dictQuery.jsp?typeid=2', null, 2, null, null, null, null, null, null, null, null, null, null, null, null);

insert into PRIVSYS.T_ROLE (ROLE_ID, DEPT_ID, ROLE_NAME, ROLE_ALIAS, REMARK, VALIDATED, CREATOR_ID, CREATOR, CREATE_DATE, OPERATOR_ID, OPERATOR, OPDATE, EXPINFOA, EXPINFOB, EXPINFOC, EXPINFOD, EXPINFOE) values ('admin', '0', 'admin', null, null, 'Y', null, null, null, null, null, null, null, null, null, null, null);

insert into PRIVSYS.T_USER_ROLE (USER_ID, ROLE_ID) values ('10000000', 'admin');
insert into PRIVSYS.T_USER_ROLE (USER_ID, ROLE_ID) values ('admin', 'admin');


insert into PRIVSYS.T_ROLE_FUNC (ROLE_ID, FUNCTION_ID) values ('admin', '1000000000');
insert into PRIVSYS.T_ROLE_FUNC (ROLE_ID, FUNCTION_ID) values ('admin', '1100000000');
insert into PRIVSYS.T_ROLE_FUNC (ROLE_ID, FUNCTION_ID) values ('admin', '1200000000');
insert into PRIVSYS.T_ROLE_FUNC (ROLE_ID, FUNCTION_ID) values ('admin', '1300000000');
insert into PRIVSYS.T_ROLE_FUNC (ROLE_ID, FUNCTION_ID) values ('admin', '1400000000');
insert into PRIVSYS.T_ROLE_FUNC (ROLE_ID, FUNCTION_ID) values ('admin', '1500000000');
insert into PRIVSYS.T_ROLE_FUNC (ROLE_ID, FUNCTION_ID) values ('admin', '2000000000');
insert into PRIVSYS.T_ROLE_FUNC (ROLE_ID, FUNCTION_ID) values ('admin', '2100000000');
insert into PRIVSYS.T_ROLE_FUNC (ROLE_ID, FUNCTION_ID) values ('admin', '2200000000');
insert into PRIVSYS.T_ROLE_FUNC (ROLE_ID, FUNCTION_ID) values ('admin', '2300000000');
insert into PRIVSYS.T_ROLE_FUNC (ROLE_ID, FUNCTION_ID) values ('admin', '2400000000');
insert into PRIVSYS.T_ROLE_FUNC (ROLE_ID, FUNCTION_ID) values ('admin', '2500000000');
insert into PRIVSYS.T_ROLE_FUNC (ROLE_ID, FUNCTION_ID) values ('admin', '2600000000');
insert into PRIVSYS.T_ROLE_FUNC (ROLE_ID, FUNCTION_ID) values ('admin', '2700000000');
insert into PRIVSYS.T_ROLE_FUNC (ROLE_ID, FUNCTION_ID) values ('admin', '2800000000');
insert into PRIVSYS.T_ROLE_FUNC (ROLE_ID, FUNCTION_ID) values ('admin', '2900000000');
insert into PRIVSYS.T_ROLE_FUNC (ROLE_ID, FUNCTION_ID) values ('admin', '2A00000000');
insert into PRIVSYS.T_ROLE_FUNC (ROLE_ID, FUNCTION_ID) values ('admin', '2B00000000');
insert into PRIVSYS.T_ROLE_FUNC (ROLE_ID, FUNCTION_ID) values ('admin', '2C00000000');
insert into PRIVSYS.T_ROLE_FUNC (ROLE_ID, FUNCTION_ID) values ('admin', '2D00000000');
