<?xml version="1.0" encoding="utf-8"?>

<DTO-mapping>
    <class name="cn.com.hd.dto.priv.TRole" table="T_ROLE" schema="PRIVSYS">
        <id name="roleid" type="VARCHAR2">
            <column name="ROLE_ID" length="36" />
        </id>
        <property name="deptid" type="VARCHAR2">
            <column name="DEPT_ID" length="36" />
        </property>
        <property name="rolename" type="VARCHAR2">
            <column name="ROLE_NAME" length="100" />
        </property>
        <property name="rolealias" type="VARCHAR2">
            <column name="ROLE_ALIAS" length="100" />
        </property>
        <property name="remark" type="VARCHAR2">
            <column name="REMARK" length="1000" />
        </property>
        <property name="validated" type="VARCHAR2">
            <column name="VALIDATED" length="10" />
        </property>
        <property name="creatorid" type="VARCHAR2">
            <column name="CREATOR_ID" length="36" />
        </property>
        <property name="creator" type="VARCHAR2">
            <column name="CREATOR" length="100" />
        </property>
        <property name="createdate" type="DATE">
            <column name="CREATE_DATE" length="7" />
        </property>
        <property name="operatorid" type="VARCHAR2">
            <column name="OPERATOR_ID" length="36" />
        </property>
        <property name="operator" type="VARCHAR2">
            <column name="OPERATOR" length="100" />
        </property>
        <property name="opdate" type="DATE">
            <column name="OPDATE" length="7" />
        </property>
        <property name="expinfoa" type="VARCHAR2">
            <column name="EXPINFOA" length="1000" />
        </property>
        <property name="expinfob" type="VARCHAR2">
            <column name="EXPINFOB" length="1000" />
        </property>
        <property name="expinfoc" type="VARCHAR2">
            <column name="EXPINFOC" length="1000" />
        </property>
        <property name="expinfod" type="VARCHAR2">
            <column name="EXPINFOD" length="1000" />
        </property>
        <property name="expinfoe" type="VARCHAR2">
            <column name="EXPINFOE" length="1000" />
        </property>
    </class>
</DTO-mapping>
