<?xml version="1.0" encoding="utf-8"?>

<DTO-mapping>
    <class name="cn.com.hd.dto.priv.TUser" table="T_USER" schema="PRIVSYS">
        <id name="userId" type="VARCHAR2">
            <column name="USER_ID" length="36" />
        </id>
        <property name="deptId" type="VARCHAR2">
            <column name="DEPT_ID" length="36" />
        </property>
        <property name="userName" type="VARCHAR2">
            <column name="USER_NAME" length="100" />
        </property>
        <property name="userAlias" type="VARCHAR2">
            <column name="USER_ALIAS" length="100" />
        </property>
        <property name="loginName" type="VARCHAR2">
            <column name="LOGIN_NAME" length="100" />
        </property>
        <property name="loginPass" type="VARCHAR2">
            <column name="LOGIN_PASS" length="100" />
        </property>
        <property name="remark" type="VARCHAR2">
            <column name="REMARK" length="1000" />
        </property>
        <property name="validated" type="VARCHAR2">
            <column name="VALIDATED" length="10" />
        </property>
        <property name="creatorId" type="VARCHAR2">
            <column name="CREATOR_ID" length="36" />
        </property>
        <property name="creator" type="VARCHAR2">
            <column name="CREATOR" length="100" />
        </property>
        <property name="creatorDate" type="DATE">
            <column name="CREATOR_DATE" length="7" />
        </property>
        <property name="operatorId" type="VARCHAR2">
            <column name="OPERATOR_ID" length="36" />
        </property>
        <property name="operator" type="VARCHAR2">
            <column name="OPERATOR" length="100" />
        </property>
        <property name="opdate" type="DATE">
            <column name="OPDATE" length="7" />
        </property>
        <property name="expinfoa" type="VARCHAR2">
            <column name="EXPINFOA" length="1000" />
        </property>
        <property name="expinfob" type="VARCHAR2">
            <column name="EXPINFOB" length="1000" />
        </property>
        <property name="expinfoc" type="VARCHAR2">
            <column name="EXPINFOC" length="1000" />
        </property>
        <property name="expinfod" type="VARCHAR2">
            <column name="EXPINFOD" length="1000" />
        </property>
        <property name="expinfoe" type="VARCHAR2">
            <column name="EXPINFOE" length="1000" />
        </property>
    </class>
</DTO-mapping>
