<?xml version="1.0" encoding="utf-8"?>
<DTO-mapping>
    <class name="cn.com.hd.dto.log.TLog" table="T_LOG" schema="TESTSYS">
        <id name="logid" type="VARCHAR2">
            <column name="LOGID" length="36" />
        </id>
        <property name="systemname" type="VARCHAR2">
            <column name="SYSTEMNAME" length="100" />
        </property>
        <property name="subsystemname" type="VARCHAR2">
            <column name="SUBSYSTEMNAME" length="100" />
        </property>
        <property name="servicename" type="VARCHAR2">
            <column name="SERVICENAME" length="100" />
        </property>
        <property name="classname" type="VARCHAR2">
            <column name="CLASSNAME" length="100" />
        </property>
        <property name="operatorid" type="VARCHAR2">
            <column name="OPERATORID" length="36" />
        </property>
        <property name="operatorname" type="VARCHAR2">
            <column name="OPERATORNAME" length="100" />
        </property>
        <property name="operatordept" type="VARCHAR2">
            <column name="OPERATORDEPT" length="100" />
        </property>
        <property name="logtype" type="VARCHAR2">
            <column name="LOGTYPE" length="1000" />
        </property>
        <property name="logdate" type="DATE">
            <column name="LOGDATE" />
        </property>
        <property name="logcontent" type="VARCHAR2">
            <column name="LOGCONTENT" length="1000" />
        </property>
        <property name="attributea" type="VARCHAR2">
            <column name="ATTRIBUTEA" length="1000" />
        </property>
        <property name="attributeb" type="VARCHAR2">
            <column name="ATTRIBUTEB" length="1000" />
        </property>
        <property name="attributec" type="VARCHAR2">
            <column name="ATTRIBUTEC" length="1000" />
        </property>
        <property name="attributed" type="VARCHAR2">
            <column name="ATTRIBUTED" length="1000" />
        </property>
        <property name="attributee" type="VARCHAR2">
            <column name="ATTRIBUTEE" length="1000" />
        </property>
    </class>
</DTO-mapping>
