<?xml version="1.0" encoding="utf-8"?>

<DTO-mapping>
    <class name="cn.com.hd.dto.priv.TDept" table="T_DEPT" schema="PRIVSYS">
        <id name="deptid" type="VARCHAR2">
            <column name="DEPT_ID" length="50" />
        </id>
        <property name="deptname" type="VARCHAR2">
            <column name="DEPT_NAME" length="100" />
        </property>
        <property name="spelling" type="VARCHAR2">
            <column name="SPELLING" length="100" />
        </property>
        <property name="superdeptid" type="VARCHAR2">
            <column name="SUPER_DEPT_ID" length="50" />
        </property>
        <property name="deptorder" type="LONGNUMBER">
            <column name="DEPT_ORDER" precision="22" scale="0" />
        </property>
        <property name="remark" type="VARCHAR2">
            <column name="REMARK" length="500" />
        </property>
        <property name="validated" type="VARCHAR2">
            <column name="VALIDATED" length="10" />
        </property>
        <property name="creatorid" type="VARCHAR2">
            <column name="CREATOR_ID" length="50" />
        </property>
        <property name="creatorname" type="VARCHAR2">
            <column name="CREATOR_NAME" length="100" />
        </property>
        <property name="createdate" type="DATE">
            <column name="CREATE_DATE" length="7" />
        </property>
        <property name="operatorid" type="VARCHAR2">
            <column name="OPERATOR_ID" length="50" />
        </property>
        <property name="operatorname" type="VARCHAR2">
            <column name="OPERATOR_NAME" length="100" />
        </property>
        <property name="operatdate" type="DATE">
            <column name="OPERAT_DATE" length="7" />
        </property>
        <property name="expinfoa" type="VARCHAR2">
            <column name="EXPINFOA" length="1000" />
        </property>
        <property name="expinfob" type="VARCHAR2">
            <column name="EXPINFOB" length="1000" />
        </property>
        <property name="expinfoc" type="VARCHAR2">
            <column name="EXPINFOC" length="1000" />
        </property>
        <property name="expinfod" type="VARCHAR2">
            <column name="EXPINFOD" length="1000" />
        </property>
        <property name="expinfoe" type="VARCHAR2">
            <column name="EXPINFOE" length="1000" />
        </property>
    </class>
</DTO-mapping>
